{"count": 20, "start": 0, "total": 24, "subjects": [{"rating": {"max": 10, "average": 6.2, "stars": "30", "min": 0}, "genres": ["\u559c\u5267", "\u7231\u60c5"], "title": "\u524d\u4efb3\uff1a\u518d\u89c1\u524d\u4efb", "casts": [{"alt": "https:\/\/movie.douban.com\/celebrity\/1275667\/", "avatars": {"small": "https://img3.doubanio.com\/view\/celebrity\/s_ratio_celebrity\/public\/p14025.webp", "large": "https://img3.doubanio.com\/view\/celebrity\/s_ratio_celebrity\/public\/p14025.webp", "medium": "https://img3.doubanio.com\/view\/celebrity\/s_ratio_celebrity\/public\/p14025.webp"}, "name": "\u97e9\u5e9a", "id": "1275667"}, {"alt": "https:\/\/movie.douban.com\/celebrity\/1275564\/", "avatars": {"small": "https://img3.doubanio.com\/view\/celebrity\/s_ratio_celebrity\/public\/p1366015827.84.webp", "large": "https://img3.doubanio.com\/view\/celebrity\/s_ratio_celebrity\/public\/p1366015827.84.webp", "medium": "https://img3.doubanio.com\/view\/celebrity\/s_ratio_celebrity\/public\/p1366015827.84.webp"}, "name": "\u90d1\u607a", "id": "1275564"}, {"alt": "https:\/\/movie.douban.com\/celebrity\/1342252\/", "avatars": {"small": "https://img1.doubanio.com\/view\/celebrity\/s_ratio_celebrity\/public\/p1408089064.98.webp", "large": "https://img1.doubanio.com\/view\/celebrity\/s_ratio_celebrity\/public\/p1408089064.98.webp", "medium": "https://img1.doubanio.com\/view\/celebrity\/s_ratio_celebrity\/public\/p1408089064.98.webp"}, "name": "\u4e8e\u6587\u6587", "id": "1342252"}], "collect_count": 30257, "original_title": "\u524d\u4efb3\uff1a\u518d\u89c1\u524d\u4efb", "subtype": "movie", "directors": [{"alt": "https:\/\/movie.douban.com\/celebrity\/1332171\/", "avatars": {"small": "https://img3.doubanio.com\/view\/celebrity\/s_ratio_celebrity\/public\/p1391439365.41.webp", "large": "https://img3.doubanio.com\/view\/celebrity\/s_ratio_celebrity\/public\/p1391439365.41.webp", "medium": "https://img3.doubanio.com\/view\/celebrity\/s_ratio_celebrity\/public\/p1391439365.41.webp"}, "name": "\u7530\u7fbd\u751f", "id": "1332171"}], "year": "2017", "images": {"small": "https://img1.doubanio.com\/view\/photo\/s_ratio_poster\/public\/p2508926717.webp", "large": "https://img1.doubanio.com\/view\/photo\/s_ratio_poster\/public\/p2508926717.webp", "medium": "https://img1.doubanio.com\/view\/photo\/s_ratio_poster\/public\/p2508926717.webp"}, "alt": "https:\/\/movie.douban.com\/subject\/26662193\/", "id": "26662193"}, {"rating": {"max": 10, "average": 7.4, "stars": "40", "min": 0}, "genres": ["\u52a8\u4f5c", "\u79d1\u5e7b", "\u5192\u9669"], "title": "\u661f\u7403\u5927\u62188\uff1a\u6700\u540e\u7684\u7edd\u5730\u6b66\u58eb", "casts": [{"alt": "https:\/\/movie.douban.com\/celebrity\/1339916\/", "avatars": {"small": "https://img1.doubanio.com\/view\/celebrity\/s_ratio_celebrity\/public\/p1444659264.8.webp", "large": "https://img1.doubanio.com\/view\/celebrity\/s_ratio_celebrity\/public\/p1444659264.8.webp", "medium": "https://img1.doubanio.com\/view\/celebrity\/s_ratio_celebrity\/public\/p1444659264.8.webp"}, "name": "\u9edb\u897f\u00b7\u96f7\u5fb7\u5229", "id": "1339916"}, {"alt": "https:\/\/movie.douban.com\/celebrity\/1339915\/", "avatars": {"small": "https://img1.doubanio.com\/view\/celebrity\/s_ratio_celebrity\/public\/p1402281418.08.webp", "large": "https://img1.doubanio.com\/view\/celebrity\/s_ratio_celebrity\/public\/p1402281418.08.webp", "medium": "https://img1.doubanio.com\/view\/celebrity\/s_ratio_celebrity\/public\/p1402281418.08.webp"}, "name": "\u7ea6\u7ff0\u00b7\u535a\u8036\u52a0", "id": "1339915"}, {"alt": "https:\/\/movie.douban.com\/celebrity\/1322327\/", "avatars": {"small": "https://img3.doubanio.com\/view\/celebrity\/s_ratio_celebrity\/public\/p1452758257.45.webp", "large": "https://img3.doubanio.com\/view\/celebrity\/s_ratio_celebrity\/public\/p1452758257.45.webp", "medium": "https://img3.doubanio.com\/view\/celebrity\/s_ratio_celebrity\/public\/p1452758257.45.webp"}, "name": "\u4e9a\u5f53\u00b7\u5fb7\u8d56\u5f17", "id": "1322327"}], "collect_count": 6319, "original_title": "Star Wars: The Last Jedi", "subtype": "movie", "directors": [{"alt": "https:\/\/movie.douban.com\/celebrity\/1036605\/", "avatars": {"small": "https://img1.doubanio.com\/view\/celebrity\/s_ratio_celebrity\/public\/p55599.webp", "large": "https://img1.doubanio.com\/view\/celebrity\/s_ratio_celebrity\/public\/p55599.webp", "medium": "https://img1.doubanio.com\/view\/celebrity\/s_ratio_celebrity\/public\/p55599.webp"}, "name": "\u83b1\u6069\u00b7\u7ea6\u7ff0\u900a", "id": "1036605"}], "year": "2017", "images": {"small": "https://img1.doubanio.com\/view\/photo\/s_ratio_poster\/public\/p2506694509.webp", "large": "https://img1.doubanio.com\/view\/photo\/s_ratio_poster\/public\/p2506694509.webp", "medium": "https://img1.doubanio.com\/view\/photo\/s_ratio_poster\/public\/p2506694509.webp"}, "alt": "https:\/\/movie.douban.com\/subject\/22265634\/", "id": "22265634"}, {"rating": {"max": 10, "average": 7.8, "stars": "40", "min": 0}, "genres": ["\u5267\u60c5", "\u5386\u53f2", "\u6218\u4e89"], "title": "\u82b3\u534e", "casts": [{"alt": "https:\/\/movie.douban.com\/celebrity\/1276105\/", "avatars": {"small": "https://img3.doubanio.com\/view\/celebrity\/s_ratio_celebrity\/public\/p1403053084.22.webp", "large": "https://img3.doubanio.com\/view\/celebrity\/s_ratio_celebrity\/public\/p1403053084.22.webp", "medium": "https://img3.doubanio.com\/view\/celebrity\/s_ratio_celebrity\/public\/p1403053084.22.webp"}, "name": "\u9ec4\u8f69", "id": "1276105"}, {"alt": "https:\/\/movie.douban.com\/celebrity\/1366978\/", "avatars": {"small": "https://img1.doubanio.com\/view\/celebrity\/s_ratio_celebrity\/public\/p1512871367.97.webp", "large": "https://img1.doubanio.com\/view\/celebrity\/s_ratio_celebrity\/public\/p1512871367.97.webp", "medium": "https://img1.doubanio.com\/view\/celebrity\/s_ratio_celebrity\/public\/p1512871367.97.webp"}, "name": "\u82d7\u82d7", "id": "1366978"}, {"alt": "https:\/\/movie.douban.com\/celebrity\/1357009\/", "avatars": {"small": "https://img1.doubanio.com\/view\/celebrity\/s_ratio_celebrity\/public\/p1504775118.88.webp", "large": "https://img1.doubanio.com\/view\/celebrity\/s_ratio_celebrity\/public\/p1504775118.88.webp", "medium": "https://img1.doubanio.com\/view\/celebrity\/s_ratio_celebrity\/public\/p1504775118.88.webp"}, "name": "\u949f\u695a\u66e6", "id": "1357009"}], "collect_count": 261564, "original_title": "\u82b3\u534e", "subtype": "movie", "directors": [{"alt": "https:\/\/movie.douban.com\/celebrity\/1274255\/", "avatars": {"small": "https://img1.doubanio.com\/view\/celebrity\/s_ratio_celebrity\/public\/p45667.webp", "large": "https://img1.doubanio.com\/view\/celebrity\/s_ratio_celebrity\/public\/p45667.webp", "medium": "https://img1.doubanio.com\/view\/celebrity\/s_ratio_celebrity\/public\/p45667.webp"}, "name": "\u51af\u5c0f\u521a", "id": "1274255"}], "year": "2017", "images": {"small": "https://img3.doubanio.com\/view\/photo\/s_ratio_poster\/public\/p2507227732.webp", "large": "https://img3.doubanio.com\/view\/photo\/s_ratio_poster\/public\/p2507227732.webp", "medium": "https://img3.doubanio.com\/view\/photo\/s_ratio_poster\/public\/p2507227732.webp"}, "alt": "https:\/\/movie.douban.com\/subject\/26862829\/", "id": "26862829"}, {"rating": {"max": 10, "average": 4.8, "stars": "25", "min": 0}, "genres": ["\u559c\u5267"], "title": "\u5996\u94c3\u94c3", "casts": [{"alt": "https:\/\/movie.douban.com\/celebrity\/1127819\/", "avatars": {"small": "https://img1.doubanio.com\/view\/celebrity\/s_ratio_celebrity\/public\/p45539.webp", "large": "https://img1.doubanio.com\/view\/celebrity\/s_ratio_celebrity\/public\/p45539.webp", "medium": "https://img1.doubanio.com\/view\/celebrity\/s_ratio_celebrity\/public\/p45539.webp"}, "name": "\u5434\u541b\u5982", "id": "1127819"}, {"alt": "https:\/\/movie.douban.com\/celebrity\/1325700\/", "avatars": {"small": "https://img1.doubanio.com\/view\/celebrity\/s_ratio_celebrity\/public\/p1356510694.28.webp", "large": "https://img1.doubanio.com\/view\/celebrity\/s_ratio_celebrity\/public\/p1356510694.28.webp", "medium": "https://img1.doubanio.com\/view\/celebrity\/s_ratio_celebrity\/public\/p1356510694.28.webp"}, "name": "\u6c88\u817e", "id": "1325700"}, {"alt": "https:\/\/movie.douban.com\/celebrity\/1317663\/", "avatars": {"small": "https://img3.doubanio.com\/view\/celebrity\/s_ratio_celebrity\/public\/p40756.webp", "large": "https://img3.doubanio.com\/view\/celebrity\/s_ratio_celebrity\/public\/p40756.webp", "medium": "https://img3.doubanio.com\/view\/celebrity\/s_ratio_celebrity\/public\/p40756.webp"}, "name": "\u5cb3\u4e91\u9e4f", "id": "1317663"}], "collect_count": 24619, "original_title": "\u5996\u94c3\u94c3", "subtype": "movie", "directors": [{"alt": "https:\/\/movie.douban.com\/celebrity\/1127819\/", "avatars": {"small": "https://img1.doubanio.com\/view\/celebrity\/s_ratio_celebrity\/public\/p45539.webp", "large": "https://img1.doubanio.com\/view\/celebrity\/s_ratio_celebrity\/public\/p45539.webp", "medium": "https://img1.doubanio.com\/view\/celebrity\/s_ratio_celebrity\/public\/p45539.webp"}, "name": "\u5434\u541b\u5982", "id": "1127819"}], "year": "2017", "images": {"small": "https://img3.doubanio.com\/view\/photo\/s_ratio_poster\/public\/p2506825662.webp", "large": "https://img3.doubanio.com\/view\/photo\/s_ratio_poster\/public\/p2506825662.webp", "medium": "https://img3.doubanio.com\/view\/photo\/s_ratio_poster\/public\/p2506825662.webp"}, "alt": "https:\/\/movie.douban.com\/subject\/26966580\/", "id": "26966580"}, {"rating": {"max": 10, "average": 6.9, "stars": "35", "min": 0}, "genres": ["\u5267\u60c5", "\u60ac\u7591", "\u5947\u5e7b"], "title": "\u5996\u732b\u4f20", "casts": [{"alt": "https:\/\/movie.douban.com\/celebrity\/1276105\/", "avatars": {"small": "https://img3.doubanio.com\/view\/celebrity\/s_ratio_celebrity\/public\/p1403053084.22.webp", "large": "https://img3.doubanio.com\/view\/celebrity\/s_ratio_celebrity\/public\/p1403053084.22.webp", "medium": "https://img3.doubanio.com\/view\/celebrity\/s_ratio_celebrity\/public\/p1403053084.22.webp"}, "name": "\u9ec4\u8f69", "id": "1276105"}, {"alt": "https:\/\/movie.douban.com\/celebrity\/1315737\/", "avatars": {"small": "https://img3.doubanio.com\/view\/celebrity\/s_ratio_celebrity\/public\/p50940.webp", "large": "https://img3.doubanio.com\/view\/celebrity\/s_ratio_celebrity\/public\/p50940.webp", "medium": "https://img3.doubanio.com\/view\/celebrity\/s_ratio_celebrity\/public\/p50940.webp"}, "name": "\u67d3\u8c37\u5c06\u592a", "id": "1315737"}, {"alt": "https:\/\/movie.douban.com\/celebrity\/1274494\/", "avatars": {"small": "https://img1.doubanio.com\/view\/celebrity\/s_ratio_celebrity\/public\/p1510497293.38.webp", "large": "https://img1.doubanio.com\/view\/celebrity\/s_ratio_celebrity\/public\/p1510497293.38.webp", "medium": "https://img1.doubanio.com\/view\/celebrity\/s_ratio_celebrity\/public\/p1510497293.38.webp"}, "name": "\u5f20\u96e8\u7eee", "id": "1274494"}], "collect_count": 182888, "original_title": "\u5996\u732b\u4f20", "subtype": "movie", "directors": [{"alt": "https:\/\/movie.douban.com\/celebrity\/1023040\/", "avatars": {"small": "https://img3.doubanio.com\/view\/celebrity\/s_ratio_celebrity\/public\/p1451727734.81.webp", "large": "https://img3.doubanio.com\/view\/celebrity\/s_ratio_celebrity\/public\/p1451727734.81.webp", "medium": "https://img3.doubanio.com\/view\/celebrity\/s_ratio_celebrity\/public\/p1451727734.81.webp"}, "name": "\u9648\u51ef\u6b4c", "id": "1023040"}], "year": "2017", "images": {"small": "https://img1.doubanio.com\/view\/photo\/s_ratio_poster\/public\/p2507024497.webp", "large": "https://img1.doubanio.com\/view\/photo\/s_ratio_poster\/public\/p2507024497.webp", "medium": "https://img1.doubanio.com\/view\/photo\/s_ratio_poster\/public\/p2507024497.webp"}, "alt": "https:\/\/movie.douban.com\/subject\/5350027\/", "id": "5350027"}, {"rating": {"max": 10, "average": 6.2, "stars": "30", "min": 0}, "genres": ["\u559c\u5267", "\u7231\u60c5", "\u5947\u5e7b"], "title": "\u4e8c\u4ee3\u5996\u7cbe\u4e4b\u4eca\u751f\u6709\u5e78", "casts": [{"alt": "https:\/\/movie.douban.com\/celebrity\/1275721\/", "avatars": {"small": "https://img3.doubanio.com\/view\/celebrity\/s_ratio_celebrity\/public\/p36925.webp", "large": "https://img3.doubanio.com\/view\/celebrity\/s_ratio_celebrity\/public\/p36925.webp", "medium": "https://img3.doubanio.com\/view\/celebrity\/s_ratio_celebrity\/public\/p36925.webp"}, "name": "\u51af\u7ecd\u5cf0", "id": "1275721"}, {"alt": "https:\/\/movie.douban.com\/celebrity\/1049732\/", "avatars": {"small": "https://img3.doubanio.com\/view\/celebrity\/s_ratio_celebrity\/public\/p1513067217.13.webp", "large": "https://img3.doubanio.com\/view\/celebrity\/s_ratio_celebrity\/public\/p1513067217.13.webp", "medium": "https://img3.doubanio.com\/view\/celebrity\/s_ratio_celebrity\/public\/p1513067217.13.webp"}, "name": "\u5218\u4ea6\u83f2", "id": "1049732"}, {"alt": "https:\/\/movie.douban.com\/celebrity\/1275178\/", "avatars": {"small": "https://img3.doubanio.com\/view\/celebrity\/s_ratio_celebrity\/public\/p37722.webp", "large": "https://img3.doubanio.com\/view\/celebrity\/s_ratio_celebrity\/public\/p37722.webp", "medium": "https://img3.doubanio.com\/view\/celebrity\/s_ratio_celebrity\/public\/p37722.webp"}, "name": "\u674e\u5149\u6d01", "id": "1275178"}], "collect_count": 25128, "original_title": "\u4e8c\u4ee3\u5996\u7cbe\u4e4b\u4eca\u751f\u6709\u5e78", "subtype": "movie", "directors": [{"alt": "https:\/\/movie.douban.com\/celebrity\/1331182\/", "avatars": {"small": "https://img1.doubanio.com\/view\/celebrity\/s_ratio_celebrity\/public\/p1426816047.48.webp", "large": "https://img1.doubanio.com\/view\/celebrity\/s_ratio_celebrity\/public\/p1426816047.48.webp", "medium": "https://img1.doubanio.com\/view\/celebrity\/s_ratio_celebrity\/public\/p1426816047.48.webp"}, "name": "\u8096\u6d0b", "id": "1331182"}], "year": "2017", "images": {"small": "https://img1.doubanio.com\/view\/photo\/s_ratio_poster\/public\/p2507022339.webp", "large": "https://img1.doubanio.com\/view\/photo\/s_ratio_poster\/public\/p2507022339.webp", "medium": "https://img1.doubanio.com\/view\/photo\/s_ratio_poster\/public\/p2507022339.webp"}, "alt": "https:\/\/movie.douban.com\/subject\/26797419\/", "id": "26797419"}, {"rating": {"max": 10, "average": 5.3, "stars": "30", "min": 0}, "genres": ["\u5267\u60c5", "\u5947\u5e7b"], "title": "\u89e3\u5fe7\u6742\u8d27\u5e97", "casts": [{"alt": "https:\/\/movie.douban.com\/celebrity\/1339594\/", "avatars": {"small": "https://img3.doubanio.com\/view\/celebrity\/s_ratio_celebrity\/public\/p1503377320.23.webp", "large": "https://img3.doubanio.com\/view\/celebrity\/s_ratio_celebrity\/public\/p1503377320.23.webp", "medium": "https://img3.doubanio.com\/view\/celebrity\/s_ratio_celebrity\/public\/p1503377320.23.webp"}, "name": "\u738b\u4fca\u51ef", "id": "1339594"}, {"alt": "https:\/\/movie.douban.com\/celebrity\/1325127\/", "avatars": {"small": "https://img1.doubanio.com\/view\/celebrity\/s_ratio_celebrity\/public\/p1492095415.48.webp", "large": "https://img1.doubanio.com\/view\/celebrity\/s_ratio_celebrity\/public\/p1492095415.48.webp", "medium": "https://img1.doubanio.com\/view\/celebrity\/s_ratio_celebrity\/public\/p1492095415.48.webp"}, "name": "\u8fea\u4e3d\u70ed\u5df4", "id": "1325127"}, {"alt": "https:\/\/movie.douban.com\/celebrity\/1330472\/", "avatars": {"small": "https://img3.doubanio.com\/view\/celebrity\/s_ratio_celebrity\/public\/p1385100761.5.webp", "large": "https://img3.doubanio.com\/view\/celebrity\/s_ratio_celebrity\/public\/p1385100761.5.webp", "medium": "https://img3.doubanio.com\/view\/celebrity\/s_ratio_celebrity\/public\/p1385100761.5.webp"}, "name": "\u8463\u5b50\u5065", "id": "1330472"}], "collect_count": 29107, "original_title": "\u89e3\u5fe7\u6742\u8d27\u5e97", "subtype": "movie", "directors": [{"alt": "https:\/\/movie.douban.com\/celebrity\/1316056\/", "avatars": {"small": "https://img1.doubanio.com\/view\/celebrity\/s_ratio_celebrity\/public\/p34888.webp", "large": "https://img1.doubanio.com\/view\/celebrity\/s_ratio_celebrity\/public\/p34888.webp", "medium": "https://img1.doubanio.com\/view\/celebrity\/s_ratio_celebrity\/public\/p34888.webp"}, "name": "\u97e9\u6770", "id": "1316056"}], "year": "2017", "images": {"small": "https://img3.doubanio.com\/view\/photo\/s_ratio_poster\/public\/p2503544593.webp", "large": "https://img3.doubanio.com\/view\/photo\/s_ratio_poster\/public\/p2503544593.webp", "medium": "https://img3.doubanio.com\/view\/photo\/s_ratio_poster\/public\/p2503544593.webp"}, "alt": "https:\/\/movie.douban.com\/subject\/26654146\/", "id": "26654146"}, {"rating": {"max": 10, "average": 9.1, "stars": "45", "min": 0}, "genres": ["\u559c\u5267", "\u52a8\u753b", "\u5192\u9669"], "title": "\u5bfb\u68a6\u73af\u6e38\u8bb0", "casts": [{"alt": "https:\/\/movie.douban.com\/celebrity\/1370411\/", "avatars": {"small": "https://img1.doubanio.com\/view\/celebrity\/s_ratio_celebrity\/public\/p1489594517.9.webp", "large": "https://img1.doubanio.com\/view\/celebrity\/s_ratio_celebrity\/public\/p1489594517.9.webp", "medium": "https://img1.doubanio.com\/view\/celebrity\/s_ratio_celebrity\/public\/p1489594517.9.webp"}, "name": "\u5b89\u4e1c\u5c3c\u00b7\u5188\u8428\u96f7\u65af", "id": "1370411"}, {"alt": "https:\/\/movie.douban.com\/celebrity\/1041009\/", "avatars": {"small": "https://img1.doubanio.com\/view\/celebrity\/s_ratio_celebrity\/public\/p1510634028.69.webp", "large": "https://img1.doubanio.com\/view\/celebrity\/s_ratio_celebrity\/public\/p1510634028.69.webp", "medium": "https://img1.doubanio.com\/view\/celebrity\/s_ratio_celebrity\/public\/p1510634028.69.webp"}, "name": "\u76d6\u5c14\u00b7\u52a0\u897f\u4e9a\u00b7\u8d1d\u7eb3\u5c14", "id": "1041009"}, {"alt": "https:\/\/movie.douban.com\/celebrity\/1036383\/", "avatars": {"small": "https://img1.doubanio.com\/view\/celebrity\/s_ratio_celebrity\/public\/p1416762292.89.webp", "large": "https://img1.doubanio.com\/view\/celebrity\/s_ratio_celebrity\/public\/p1416762292.89.webp", "medium": "https://img1.doubanio.com\/view\/celebrity\/s_ratio_celebrity\/public\/p1416762292.89.webp"}, "name": "\u672c\u6770\u660e\u00b7\u5e03\u62c9\u7279", "id": "1036383"}], "collect_count": 345719, "original_title": "Coco", "subtype": "movie", "directors": [{"alt": "https:\/\/movie.douban.com\/celebrity\/1022678\/", "avatars": {"small": "https://img3.doubanio.com\/view\/celebrity\/s_ratio_celebrity\/public\/p13830.webp", "large": "https://img3.doubanio.com\/view\/celebrity\/s_ratio_celebrity\/public\/p13830.webp", "medium": "https://img3.doubanio.com\/view\/celebrity\/s_ratio_celebrity\/public\/p13830.webp"}, "name": "\u674e\u00b7\u6602\u514b\u91cc\u5947", "id": "1022678"}, {"alt": "https:\/\/movie.douban.com\/celebrity\/1370425\/", "avatars": {"small": "https://img3.doubanio.com\/view\/celebrity\/s_ratio_celebrity\/public\/p1497195148.21.webp", "large": "https://img3.doubanio.com\/view\/celebrity\/s_ratio_celebrity\/public\/p1497195148.21.webp", "medium": "https://img3.doubanio.com\/view\/celebrity\/s_ratio_celebrity\/public\/p1497195148.21.webp"}, "name": "\u963f\u5fb7\u91cc\u5b89\u00b7\u83ab\u5229\u7eb3", "id": "1370425"}], "year": "2017", "images": {"small": "https://img1.doubanio.com\/view\/photo\/s_ratio_poster\/public\/p2503997609.webp", "large": "https://img1.doubanio.com\/view\/photo\/s_ratio_poster\/public\/p2503997609.webp", "medium": "https://img1.doubanio.com\/view\/photo\/s_ratio_poster\/public\/p2503997609.webp"}, "alt": "https:\/\/movie.douban.com\/subject\/20495023\/", "id": "20495023"}, {"rating": {"max": 10, "average": 6.1, "stars": "30", "min": 0}, "genres": ["\u52a8\u4f5c", "\u72af\u7f6a", "\u60ac\u7591"], "title": "\u5fc3\u7406\u7f6a\u4e4b\u57ce\u5e02\u4e4b\u5149", "casts": [{"alt": "https:\/\/movie.douban.com\/celebrity\/1274235\/", "avatars": {"small": "https://img3.doubanio.com\/view\/celebrity\/s_ratio_celebrity\/public\/p805.webp", "large": "https://img3.doubanio.com\/view\/celebrity\/s_ratio_celebrity\/public\/p805.webp", "medium": "https://img3.doubanio.com\/view\/celebrity\/s_ratio_celebrity\/public\/p805.webp"}, "name": "\u9093\u8d85", "id": "1274235"}, {"alt": "https:\/\/movie.douban.com\/celebrity\/1259866\/", "avatars": {"small": "https://img3.doubanio.com\/view\/celebrity\/s_ratio_celebrity\/public\/p21006.webp", "large": "https://img3.doubanio.com\/view\/celebrity\/s_ratio_celebrity\/public\/p21006.webp", "medium": "https://img3.doubanio.com\/view\/celebrity\/s_ratio_celebrity\/public\/p21006.webp"}, "name": "\u962e\u7ecf\u5929", "id": "1259866"}, {"alt": "https:\/\/movie.douban.com\/celebrity\/1274533\/", "avatars": {"small": "https://img1.doubanio.com\/view\/celebrity\/s_ratio_celebrity\/public\/p35797.webp", "large": "https://img1.doubanio.com\/view\/celebrity\/s_ratio_celebrity\/public\/p35797.webp", "medium": "https://img1.doubanio.com\/view\/celebrity\/s_ratio_celebrity\/public\/p35797.webp"}, "name": "\u5218\u8bd7\u8bd7", "id": "1274533"}], "collect_count": 33873, "original_title": "\u5fc3\u7406\u7f6a\u4e4b\u57ce\u5e02\u4e4b\u5149", "subtype": "movie", "directors": [{"alt": "https:\/\/movie.douban.com\/celebrity\/1317195\/", "avatars": {"small": "https://img3.doubanio.com\/view\/celebrity\/s_ratio_celebrity\/public\/p38956.webp", "large": "https://img3.doubanio.com\/view\/celebrity\/s_ratio_celebrity\/public\/p38956.webp", "medium": "https://img3.doubanio.com\/view\/celebrity\/s_ratio_celebrity\/public\/p38956.webp"}, "name": "\u5f90\u7eaa\u5468", "id": "1317195"}], "year": "2017", "images": {"small": "https://img3.doubanio.com\/view\/photo\/s_ratio_poster\/public\/p2506228506.webp", "large": "https://img3.doubanio.com\/view\/photo\/s_ratio_poster\/public\/p2506228506.webp", "medium": "https://img3.doubanio.com\/view\/photo\/s_ratio_poster\/public\/p2506228506.webp"}, "alt": "https:\/\/movie.douban.com\/subject\/26774722\/", "id": "26774722"}, {"rating": {"max": 10, "average": 8.3, "stars": "45", "min": 0}, "genres": ["\u559c\u5267", "\u52a8\u753b", "\u5bb6\u5ead"], "title": "\u5e15\u4e01\u987f\u718a2", "casts": [{"alt": "https:\/\/movie.douban.com\/celebrity\/1025149\/", "avatars": {"small": "https://img1.doubanio.com\/view\/celebrity\/s_ratio_celebrity\/public\/p1397997449.99.webp", "large": "https://img1.doubanio.com\/view\/celebrity\/s_ratio_celebrity\/public\/p1397997449.99.webp", "medium": "https://img1.doubanio.com\/view\/celebrity\/s_ratio_celebrity\/public\/p1397997449.99.webp"}, "name": "\u672c\u00b7\u536b\u8096", "id": "1025149"}, {"alt": "https:\/\/movie.douban.com\/celebrity\/1003493\/", "avatars": {"small": "https://img3.doubanio.com\/view\/celebrity\/s_ratio_celebrity\/public\/p1871.webp", "large": "https://img3.doubanio.com\/view\/celebrity\/s_ratio_celebrity\/public\/p1871.webp", "medium": "https://img3.doubanio.com\/view\/celebrity\/s_ratio_celebrity\/public\/p1871.webp"}, "name": "\u4f11\u00b7\u683c\u5170\u7279", "id": "1003493"}, {"alt": "https:\/\/movie.douban.com\/celebrity\/1041224\/", "avatars": {"small": "https://img3.doubanio.com\/view\/celebrity\/s_ratio_celebrity\/public\/p1416053013.86.webp", "large": "https://img3.doubanio.com\/view\/celebrity\/s_ratio_celebrity\/public\/p1416053013.86.webp", "medium": "https://img3.doubanio.com\/view\/celebrity\/s_ratio_celebrity\/public\/p1416053013.86.webp"}, "name": "\u4f11\u00b7\u535a\u5185\u5a01\u5229", "id": "1041224"}], "collect_count": 57779, "original_title": "Paddington 2", "subtype": "movie", "directors": [{"alt": "https:\/\/movie.douban.com\/celebrity\/1313689\/", "avatars": {"small": "https://img3.doubanio.com\/view\/celebrity\/s_ratio_celebrity\/public\/p1425285993.52.webp", "large": "https://img3.doubanio.com\/view\/celebrity\/s_ratio_celebrity\/public\/p1425285993.52.webp", "medium": "https://img3.doubanio.com\/view\/celebrity\/s_ratio_celebrity\/public\/p1425285993.52.webp"}, "name": "\u4fdd\u7f57\u00b7\u91d1", "id": "1313689"}], "year": "2017", "images": {"small": "https://img1.doubanio.com\/view\/photo\/s_ratio_poster\/public\/p2506466229.webp", "large": "https://img1.doubanio.com\/view\/photo\/s_ratio_poster\/public\/p2506466229.webp", "medium": "https://img1.doubanio.com\/view\/photo\/s_ratio_poster\/public\/p2506466229.webp"}, "alt": "https:\/\/movie.douban.com\/subject\/26340419\/", "id": "26340419"}, {"rating": {"max": 10, "average": 5, "stars": "25", "min": 0}, "genres": ["\u5267\u60c5", "\u52a8\u4f5c", "\u79d1\u5e7b"], "title": "\u673a\u5668\u4e4b\u8840", "casts": [{"alt": "https:\/\/movie.douban.com\/celebrity\/1054531\/", "avatars": {"small": "https://img3.doubanio.com\/view\/celebrity\/s_ratio_celebrity\/public\/p694.webp", "large": "https://img3.doubanio.com\/view\/celebrity\/s_ratio_celebrity\/public\/p694.webp", "medium": "https://img3.doubanio.com\/view\/celebrity\/s_ratio_celebrity\/public\/p694.webp"}, "name": "\u6210\u9f99", "id": "1054531"}, {"alt": "https:\/\/movie.douban.com\/celebrity\/1274317\/", "avatars": {"small": "https://img3.doubanio.com\/view\/celebrity\/s_ratio_celebrity\/public\/p3083.webp", "large": "https://img3.doubanio.com\/view\/celebrity\/s_ratio_celebrity\/public\/p3083.webp", "medium": "https://img3.doubanio.com\/view\/celebrity\/s_ratio_celebrity\/public\/p3083.webp"}, "name": "\u7f57\u5fd7\u7965", "id": "1274317"}, {"alt": "https:\/\/movie.douban.com\/celebrity\/1336314\/", "avatars": {"small": "https://img1.doubanio.com\/view\/celebrity\/s_ratio_celebrity\/public\/p1499104651.08.webp", "large": "https://img1.doubanio.com\/view\/celebrity\/s_ratio_celebrity\/public\/p1499104651.08.webp", "medium": "https://img1.doubanio.com\/view\/celebrity\/s_ratio_celebrity\/public\/p1499104651.08.webp"}, "name": "\u6b27\u9633\u5a1c\u5a1c", "id": "1336314"}], "collect_count": 11022, "original_title": "\u673a\u5668\u4e4b\u8840", "subtype": "movie", "directors": [{"alt": "https:\/\/movie.douban.com\/celebrity\/1324053\/", "avatars": {"small": "https://img3.doubanio.com\/view\/celebrity\/s_ratio_celebrity\/public\/p1495169894.72.webp", "large": "https://img3.doubanio.com\/view\/celebrity\/s_ratio_celebrity\/public\/p1495169894.72.webp", "medium": "https://img3.doubanio.com\/view\/celebrity\/s_ratio_celebrity\/public\/p1495169894.72.webp"}, "name": "\u5f20\u7acb\u5609", "id": "1324053"}], "year": "2017", "images": {"small": "https://img1.doubanio.com\/view\/photo\/s_ratio_poster\/public\/p2505785547.webp", "large": "https://img1.doubanio.com\/view\/photo\/s_ratio_poster\/public\/p2505785547.webp", "medium": "https://img1.doubanio.com\/view\/photo\/s_ratio_poster\/public\/p2505785547.webp"}, "alt": "https:\/\/movie.douban.com\/subject\/26729868\/", "id": "26729868"}, {"rating": {"max": 10, "average": 8.6, "stars": "45", "min": 0}, "genres": ["\u5267\u60c5", "\u4f20\u8bb0", "\u52a8\u753b"], "title": "\u81f3\u7231\u68b5\u9ad8\u00b7\u661f\u7a7a\u4e4b\u8c1c", "casts": [{"alt": "https:\/\/movie.douban.com\/celebrity\/1314461\/", "avatars": {"small": "https://img3.doubanio.com\/view\/celebrity\/s_ratio_celebrity\/public\/p43221.webp", "large": "https://img3.doubanio.com\/view\/celebrity\/s_ratio_celebrity\/public\/p43221.webp", "medium": "https://img3.doubanio.com\/view\/celebrity\/s_ratio_celebrity\/public\/p43221.webp"}, "name": "\u9053\u683c\u62c9\u65af\u00b7\u5e03\u65af", "id": "1314461"}, {"alt": "https:\/\/movie.douban.com\/celebrity\/1376200\/", "avatars": {"small": "https://img3.doubanio.com\/view\/celebrity\/s_ratio_celebrity\/public\/p1498554583.31.webp", "large": "https://img3.doubanio.com\/view\/celebrity\/s_ratio_celebrity\/public\/p1498554583.31.webp", "medium": "https://img3.doubanio.com\/view\/celebrity\/s_ratio_celebrity\/public\/p1498554583.31.webp"}, "name": "\u7f57\u4f2f\u7279\u00b7\u53e4\u62c9\u5947\u514b", "id": "1376200"}, {"alt": "https:\/\/movie.douban.com\/celebrity\/1275043\/", "avatars": {"small": "https://img1.doubanio.com\/view\/celebrity\/s_ratio_celebrity\/public\/p1360941730.7.webp", "large": "https://img1.doubanio.com\/view\/celebrity\/s_ratio_celebrity\/public\/p1360941730.7.webp", "medium": "https://img1.doubanio.com\/view\/celebrity\/s_ratio_celebrity\/public\/p1360941730.7.webp"}, "name": "\u57c3\u8389\u8bfa\u00b7\u6c64\u59c6\u6797\u68ee", "id": "1275043"}], "collect_count": 85726, "original_title": "Loving Vincent", "subtype": "movie", "directors": [{"alt": "https:\/\/movie.douban.com\/celebrity\/1326282\/", "avatars": {"small": "https://img1.doubanio.com\/view\/celebrity\/s_ratio_celebrity\/public\/p1393488180.49.webp", "large": "https://img1.doubanio.com\/view\/celebrity\/s_ratio_celebrity\/public\/p1393488180.49.webp", "medium": "https://img1.doubanio.com\/view\/celebrity\/s_ratio_celebrity\/public\/p1393488180.49.webp"}, "name": "\u591a\u6d1b\u5854\u00b7\u79d1\u522b\u62c9", "id": "1326282"}, {"alt": "https:\/\/movie.douban.com\/celebrity\/1306202\/", "avatars": {"small": "https://img3.doubanio.com\/view\/celebrity\/s_ratio_celebrity\/public\/p1498554460.64.webp", "large": "https://img3.doubanio.com\/view\/celebrity\/s_ratio_celebrity\/public\/p1498554460.64.webp", "medium": "https://img3.doubanio.com\/view\/celebrity\/s_ratio_celebrity\/public\/p1498554460.64.webp"}, "name": "\u4f11\u00b7\u97e6\u5c14\u4ec0\u66fc", "id": "1306202"}], "year": "2017", "images": {"small": "https://img1.doubanio.com\/view\/photo\/s_ratio_poster\/public\/p2506935748.webp", "large": "https://img1.doubanio.com\/view\/photo\/s_ratio_poster\/public\/p2506935748.webp", "medium": "https://img1.doubanio.com\/view\/photo\/s_ratio_poster\/public\/p2506935748.webp"}, "alt": "https:\/\/movie.douban.com\/subject\/25837262\/", "id": "25837262"}, {"rating": {"max": 10, "average": 0, "stars": "00", "min": 0}, "genres": ["\u513f\u7ae5", "\u52a8\u753b", "\u5947\u5e7b"], "title": "\u5c0f\u732b\u5df4\u514b\u91cc", "casts": [{"alt": "https:\/\/movie.douban.com\/celebrity\/1386018\/", "avatars": {"small": "https://img1.doubanio.com\/f\/movie\/ca527386eb8c4e325611e22dfcb04cc116d6b423\/pics\/movie\/celebrity-default-small.png", "large": "https://img3.doubanio.com\/f\/movie\/63acc16ca6309ef191f0378faf793d1096a3e606\/pics\/movie\/celebrity-default-large.png", "medium": "https://img1.doubanio.com\/f\/movie\/8dd0c794499fe925ae2ae89ee30cd225750457b4\/pics\/movie\/celebrity-default-medium.png"}, "name": "\u6797\u4f51\u4ffd", "id": "1386018"}, {"alt": "https:\/\/movie.douban.com\/celebrity\/1386019\/", "avatars": {"small": "https://img1.doubanio.com\/f\/movie\/ca527386eb8c4e325611e22dfcb04cc116d6b423\/pics\/movie\/celebrity-default-small.png", "large": "https://img3.doubanio.com\/f\/movie\/63acc16ca6309ef191f0378faf793d1096a3e606\/pics\/movie\/celebrity-default-large.png", "medium": "https://img1.doubanio.com\/f\/movie\/8dd0c794499fe925ae2ae89ee30cd225750457b4\/pics\/movie\/celebrity-default-medium.png"}, "name": "\u90ed\u99a8\u96c5", "id": "1386019"}, {"alt": "https:\/\/movie.douban.com\/celebrity\/1275593\/", "avatars": {"small": "https://img3.doubanio.com\/view\/celebrity\/s_ratio_celebrity\/public\/p35136.webp", "large": "https://img3.doubanio.com\/view\/celebrity\/s_ratio_celebrity\/public\/p35136.webp", "medium": "https://img3.doubanio.com\/view\/celebrity\/s_ratio_celebrity\/public\/p35136.webp"}, "name": "\u5c48\u4e2d\u6052", "id": "1275593"}], "collect_count": 327, "original_title": "\u5c0f\u8c93\u5df4\u514b\u91cc", "subtype": "movie", "directors": [{"alt": "https:\/\/movie.douban.com\/celebrity\/1372804\/", "avatars": {"small": "https://img3.doubanio.com\/view\/celebrity\/s_ratio_celebrity\/public\/p1512959486.04.webp", "large": "https://img3.doubanio.com\/view\/celebrity\/s_ratio_celebrity\/public\/p1512959486.04.webp", "medium": "https://img3.doubanio.com\/view\/celebrity\/s_ratio_celebrity\/public\/p1512959486.04.webp"}, "name": "\u90b1\u7acb\u4f1f", "id": "1372804"}], "year": "2017", "images": {"small": "https://img3.doubanio.com\/view\/photo\/s_ratio_poster\/public\/p2508948724.webp", "large": "https://img3.doubanio.com\/view\/photo\/s_ratio_poster\/public\/p2508948724.webp", "medium": "https://img3.doubanio.com\/view\/photo\/s_ratio_poster\/public\/p2508948724.webp"}, "alt": "https:\/\/movie.douban.com\/subject\/26887161\/", "id": "26887161"}, {"rating": {"max": 10, "average": 4.8, "stars": "25", "min": 0}, "genres": ["\u52a8\u4f5c", "\u5947\u5e7b"], "title": "\u5947\u95e8\u9041\u7532", "casts": [{"alt": "https:\/\/movie.douban.com\/celebrity\/1324043\/", "avatars": {"small": "https://img3.doubanio.com\/view\/celebrity\/s_ratio_celebrity\/public\/p1490342249.11.webp", "large": "https://img3.doubanio.com\/view\/celebrity\/s_ratio_celebrity\/public\/p1490342249.11.webp", "medium": "https://img3.doubanio.com\/view\/celebrity\/s_ratio_celebrity\/public\/p1490342249.11.webp"}, "name": "\u5927\u9e4f", "id": "1324043"}, {"alt": "https:\/\/movie.douban.com\/celebrity\/1315861\/", "avatars": {"small": "https://img3.doubanio.com\/view\/celebrity\/s_ratio_celebrity\/public\/p1368598869.24.webp", "large": "https://img3.doubanio.com\/view\/celebrity\/s_ratio_celebrity\/public\/p1368598869.24.webp", "medium": "https://img3.doubanio.com\/view\/celebrity\/s_ratio_celebrity\/public\/p1368598869.24.webp"}, "name": "\u502a\u59ae", "id": "1315861"}, {"alt": "https:\/\/movie.douban.com\/celebrity\/1274292\/", "avatars": {"small": "https://img1.doubanio.com\/view\/celebrity\/s_ratio_celebrity\/public\/p10299.webp", "large": "https://img1.doubanio.com\/view\/celebrity\/s_ratio_celebrity\/public\/p10299.webp", "medium": "https://img1.doubanio.com\/view\/celebrity\/s_ratio_celebrity\/public\/p10299.webp"}, "name": "\u674e\u6cbb\u5ef7", "id": "1274292"}], "collect_count": 23522, "original_title": "\u5947\u95e8\u9041\u7532", "subtype": "movie", "directors": [{"alt": "https:\/\/movie.douban.com\/celebrity\/1275026\/", "avatars": {"small": "https://img3.doubanio.com\/view\/celebrity\/s_ratio_celebrity\/public\/p9332.webp", "large": "https://img3.doubanio.com\/view\/celebrity\/s_ratio_celebrity\/public\/p9332.webp", "medium": "https://img3.doubanio.com\/view\/celebrity\/s_ratio_celebrity\/public\/p9332.webp"}, "name": "\u8881\u548c\u5e73", "id": "1275026"}], "year": "2017", "images": {"small": "https://img3.doubanio.com\/view\/photo\/s_ratio_poster\/public\/p2507566212.webp", "large": "https://img3.doubanio.com\/view\/photo\/s_ratio_poster\/public\/p2507566212.webp", "medium": "https://img3.doubanio.com\/view\/photo\/s_ratio_poster\/public\/p2507566212.webp"}, "alt": "https:\/\/movie.douban.com\/subject\/26661191\/", "id": "26661191"}, {"rating": {"max": 10, "average": 0, "stars": "00", "min": 0}, "genres": ["\u513f\u7ae5", "\u52a8\u753b", "\u5947\u5e7b"], "title": "\u5495\u565c\u5495\u565c\u7f8e\u4eba\u9c7c2", "casts": [{"alt": "https:\/\/movie.douban.com\/celebrity\/1386282\/", "avatars": {"small": "https://img1.doubanio.com\/f\/movie\/ca527386eb8c4e325611e22dfcb04cc116d6b423\/pics\/movie\/celebrity-default-small.png", "large": "https://img3.doubanio.com\/f\/movie\/63acc16ca6309ef191f0378faf793d1096a3e606\/pics\/movie\/celebrity-default-large.png", "medium": "https://img1.doubanio.com\/f\/movie\/8dd0c794499fe925ae2ae89ee30cd225750457b4\/pics\/movie\/celebrity-default-medium.png"}, "name": "\u4e01\u83b9\u83b9", "id": "1386282"}, {"alt": "https:\/\/movie.douban.com\/celebrity\/1356706\/", "avatars": {"small": "https://img3.doubanio.com\/view\/celebrity\/s_ratio_celebrity\/public\/p1481650266.82.webp", "large": "https://img3.doubanio.com\/view\/celebrity\/s_ratio_celebrity\/public\/p1481650266.82.webp", "medium": "https://img3.doubanio.com\/view\/celebrity\/s_ratio_celebrity\/public\/p1481650266.82.webp"}, "name": "\u6768\u8fdb", "id": "1356706"}, {"alt": "https:\/\/movie.douban.com\/celebrity\/1348773\/", "avatars": {"small": "https://img1.doubanio.com\/f\/movie\/ca527386eb8c4e325611e22dfcb04cc116d6b423\/pics\/movie\/celebrity-default-small.png", "large": "https://img3.doubanio.com\/f\/movie\/63acc16ca6309ef191f0378faf793d1096a3e606\/pics\/movie\/celebrity-default-large.png", "medium": "https://img1.doubanio.com\/f\/movie\/8dd0c794499fe925ae2ae89ee30cd225750457b4\/pics\/movie\/celebrity-default-medium.png"}, "name": "\u5362\u7476", "id": "1348773"}], "collect_count": 114, "original_title": "\u5495\u565c\u5495\u565c\u7f8e\u4eba\u9c7c2", "subtype": "movie", "directors": [{"alt": "https:\/\/movie.douban.com\/celebrity\/1340240\/", "avatars": {"small": "https://img3.doubanio.com\/view\/celebrity\/s_ratio_celebrity\/public\/p1483596470.52.webp", "large": "https://img3.doubanio.com\/view\/celebrity\/s_ratio_celebrity\/public\/p1483596470.52.webp", "medium": "https://img3.doubanio.com\/view\/celebrity\/s_ratio_celebrity\/public\/p1483596470.52.webp"}, "name": "\u6768\u5e7f\u798f", "id": "1340240"}], "year": "2017", "images": {"small": "https://img3.doubanio.com\/view\/photo\/s_ratio_poster\/public\/p2508071436.webp", "large": "https://img3.doubanio.com\/view\/photo\/s_ratio_poster\/public\/p2508071436.webp", "medium": "https://img3.doubanio.com\/view\/photo\/s_ratio_poster\/public\/p2508071436.webp"}, "alt": "https:\/\/movie.douban.com\/subject\/27193475\/", "id": "27193475"}, {"rating": {"max": 10, "average": 8.6, "stars": "45", "min": 0}, "genres": ["\u5267\u60c5", "\u4f20\u8bb0", "\u5386\u53f2"], "title": "\u81f3\u6697\u65f6\u523b", "casts": [{"alt": "https:\/\/movie.douban.com\/celebrity\/1010507\/", "avatars": {"small": "https://img3.doubanio.com\/view\/celebrity\/s_ratio_celebrity\/public\/p33896.webp", "large": "https://img3.doubanio.com\/view\/celebrity\/s_ratio_celebrity\/public\/p33896.webp", "medium": "https://img3.doubanio.com\/view\/celebrity\/s_ratio_celebrity\/public\/p33896.webp"}, "name": "\u52a0\u91cc\u00b7\u5965\u5fb7\u66fc", "id": "1010507"}, {"alt": "https:\/\/movie.douban.com\/celebrity\/1021997\/", "avatars": {"small": "https://img3.doubanio.com\/view\/celebrity\/s_ratio_celebrity\/public\/p1512573236.06.webp", "large": "https://img3.doubanio.com\/view\/celebrity\/s_ratio_celebrity\/public\/p1512573236.06.webp", "medium": "https://img3.doubanio.com\/view\/celebrity\/s_ratio_celebrity\/public\/p1512573236.06.webp"}, "name": "\u514b\u91cc\u65af\u6c40\u00b7\u65af\u79d1\u7279\u00b7\u6258\u9a6c\u65af", "id": "1021997"}, {"alt": "https:\/\/movie.douban.com\/celebrity\/1318674\/", "avatars": {"small": "https://img3.doubanio.com\/view\/celebrity\/s_ratio_celebrity\/public\/p1426508419.1.webp", "large": "https://img3.doubanio.com\/view\/celebrity\/s_ratio_celebrity\/public\/p1426508419.1.webp", "medium": "https://img3.doubanio.com\/view\/celebrity\/s_ratio_celebrity\/public\/p1426508419.1.webp"}, "name": "\u8389\u8389\u00b7\u8a79\u59c6\u65af", "id": "1318674"}], "collect_count": 51576, "original_title": "Darkest Hour", "subtype": "movie", "directors": [{"alt": "https:\/\/movie.douban.com\/celebrity\/1275041\/", "avatars": {"small": "https://img3.doubanio.com\/view\/celebrity\/s_ratio_celebrity\/public\/p1424001982.32.webp", "large": "https://img3.doubanio.com\/view\/celebrity\/s_ratio_celebrity\/public\/p1424001982.32.webp", "medium": "https://img3.doubanio.com\/view\/celebrity\/s_ratio_celebrity\/public\/p1424001982.32.webp"}, "name": "\u4e54\u00b7\u8d56\u7279", "id": "1275041"}], "year": "2017", "images": {"small": "https://img3.doubanio.com\/view\/photo\/s_ratio_poster\/public\/p2504277551.webp", "large": "https://img3.doubanio.com\/view\/photo\/s_ratio_poster\/public\/p2504277551.webp", "medium": "https://img3.doubanio.com\/view\/photo\/s_ratio_poster\/public\/p2504277551.webp"}, "alt": "https:\/\/movie.douban.com\/subject\/26761416\/", "id": "26761416"}, {"rating": {"max": 10, "average": 5.2, "stars": "25", "min": 0}, "genres": ["\u5267\u60c5"], "title": "\u5496\u5561\u98ce\u66b4", "casts": [{"alt": "https:\/\/movie.douban.com\/celebrity\/1083010\/", "avatars": {"small": "https://img1.doubanio.com\/view\/celebrity\/s_ratio_celebrity\/public\/p21789.webp", "large": "https://img1.doubanio.com\/view\/celebrity\/s_ratio_celebrity\/public\/p21789.webp", "medium": "https://img1.doubanio.com\/view\/celebrity\/s_ratio_celebrity\/public\/p21789.webp"}, "name": "\u6069\u5c3c\u5965\u00b7\u51e1\u5854\u65af\u8482\u57fa\u5c3c", "id": "1083010"}, {"alt": "https:\/\/movie.douban.com\/celebrity\/1315585\/", "avatars": {"small": "https://img3.doubanio.com\/view\/celebrity\/s_ratio_celebrity\/public\/p1380440677.6.webp", "large": "https://img3.doubanio.com\/view\/celebrity\/s_ratio_celebrity\/public\/p1380440677.6.webp", "medium": "https://img3.doubanio.com\/view\/celebrity\/s_ratio_celebrity\/public\/p1380440677.6.webp"}, "name": "\u82a6\u82b3\u751f", "id": "1315585"}, {"alt": "https:\/\/movie.douban.com\/celebrity\/1312976\/", "avatars": {"small": "https://img3.doubanio.com\/view\/celebrity\/s_ratio_celebrity\/public\/p38291.webp", "large": "https://img3.doubanio.com\/view\/celebrity\/s_ratio_celebrity\/public\/p38291.webp", "medium": "https://img3.doubanio.com\/view\/celebrity\/s_ratio_celebrity\/public\/p38291.webp"}, "name": "\u8c2d\u5353", "id": "1312976"}], "collect_count": 103, "original_title": "Caff\u00e8", "subtype": "movie", "directors": [{"alt": "https:\/\/movie.douban.com\/celebrity\/1010292\/", "avatars": {"small": "https://img3.doubanio.com\/view\/celebrity\/s_ratio_celebrity\/public\/p24213.webp", "large": "https://img3.doubanio.com\/view\/celebrity\/s_ratio_celebrity\/public\/p24213.webp", "medium": "https://img3.doubanio.com\/view\/celebrity\/s_ratio_celebrity\/public\/p24213.webp"}, "name": "\u514b\u91cc\u65af\u8482\u4e9a\u8bfa\u00b7\u535a\u5c14\u6258\u5185", "id": "1010292"}], "year": "2016", "images": {"small": "https://img1.doubanio.com\/view\/photo\/s_ratio_poster\/public\/p2508258787.webp", "large": "https://img1.doubanio.com\/view\/photo\/s_ratio_poster\/public\/p2508258787.webp", "medium": "https://img1.doubanio.com\/view\/photo\/s_ratio_poster\/public\/p2508258787.webp"}, "alt": "https:\/\/movie.douban.com\/subject\/26649225\/", "id": "26649225"}, {"rating": {"max": 10, "average": 0, "stars": "00", "min": 0}, "genres": ["\u5267\u60c5"], "title": "\u90b9\u78a7\u534e", "casts": [{"alt": "https:\/\/movie.douban.com\/celebrity\/1276103\/", "avatars": {"small": "https://img1.doubanio.com\/view\/celebrity\/s_ratio_celebrity\/public\/p29367.webp", "large": "https://img1.doubanio.com\/view\/celebrity\/s_ratio_celebrity\/public\/p29367.webp", "medium": "https://img1.doubanio.com\/view\/celebrity\/s_ratio_celebrity\/public\/p29367.webp"}, "name": "\u4f5f\u745e\u6b23", "id": "1276103"}, {"alt": "https:\/\/movie.douban.com\/celebrity\/1313725\/", "avatars": {"small": "https://img3.doubanio.com\/view\/celebrity\/s_ratio_celebrity\/public\/p20132.webp", "large": "https://img3.doubanio.com\/view\/celebrity\/s_ratio_celebrity\/public\/p20132.webp", "medium": "https://img3.doubanio.com\/view\/celebrity\/s_ratio_celebrity\/public\/p20132.webp"}, "name": "\u738b\u8bd7\u69d0", "id": "1313725"}, {"alt": "https:\/\/movie.douban.com\/celebrity\/1314315\/", "avatars": {"small": "https://img3.doubanio.com\/view\/celebrity\/s_ratio_celebrity\/public\/pTI9kXjAMGTwcel_avatar_uploaded1353221024.96.webp", "large": "https://img3.doubanio.com\/view\/celebrity\/s_ratio_celebrity\/public\/pTI9kXjAMGTwcel_avatar_uploaded1353221024.96.webp", "medium": "https://img3.doubanio.com\/view\/celebrity\/s_ratio_celebrity\/public\/pTI9kXjAMGTwcel_avatar_uploaded1353221024.96.webp"}, "name": "\u5218\u5c0f\u950b", "id": "1314315"}], "collect_count": 170, "original_title": "\u90b9\u78a7\u534e", "subtype": "movie", "directors": [], "year": "2017", "images": {"small": "https://img1.doubanio.com\/view\/photo\/s_ratio_poster\/public\/p2506257419.webp", "large": "https://img1.doubanio.com\/view\/photo\/s_ratio_poster\/public\/p2506257419.webp", "medium": "https://img1.doubanio.com\/view\/photo\/s_ratio_poster\/public\/p2506257419.webp"}, "alt": "https:\/\/movie.douban.com\/subject\/26866174\/", "id": "26866174"}, {"rating": {"max": 10, "average": 6.1, "stars": "30", "min": 0}, "genres": ["\u60ca\u609a", "\u5192\u9669"], "title": "\u9ca8\u6d77", "casts": [{"alt": "https:\/\/movie.douban.com\/celebrity\/1000013\/", "avatars": {"small": "https://img1.doubanio.com\/view\/celebrity\/s_ratio_celebrity\/public\/p23017.webp", "large": "https://img1.doubanio.com\/view\/celebrity\/s_ratio_celebrity\/public\/p23017.webp", "medium": "https://img1.doubanio.com\/view\/celebrity\/s_ratio_celebrity\/public\/p23017.webp"}, "name": "\u66fc\u8fea\u00b7\u6469\u5c14", "id": "1000013"}, {"alt": "https:\/\/movie.douban.com\/celebrity\/1232340\/", "avatars": {"small": "https://img1.doubanio.com\/view\/celebrity\/s_ratio_celebrity\/public\/p46657.webp", "large": "https://img1.doubanio.com\/view\/celebrity\/s_ratio_celebrity\/public\/p46657.webp", "medium": "https://img1.doubanio.com\/view\/celebrity\/s_ratio_celebrity\/public\/p46657.webp"}, "name": "\u514b\u83b1\u5c14\u00b7\u970d\u5c14\u7279", "id": "1232340"}, {"alt": "https:\/\/movie.douban.com\/celebrity\/1050080\/", "avatars": {"small": "https://img3.doubanio.com\/view\/celebrity\/s_ratio_celebrity\/public\/p11804.webp", "large": "https://img3.doubanio.com\/view\/celebrity\/s_ratio_celebrity\/public\/p11804.webp", "medium": "https://img3.doubanio.com\/view\/celebrity\/s_ratio_celebrity\/public\/p11804.webp"}, "name": "\u514b\u91cc\u65af\u00b7J.\u7ea6\u7ff0\u900a", "id": "1050080"}], "collect_count": 11158, "original_title": "47 Meters Down", "subtype": "movie", "directors": [{"alt": "https:\/\/movie.douban.com\/celebrity\/1019388\/", "avatars": {"small": "https://img1.doubanio.com\/view\/celebrity\/s_ratio_celebrity\/public\/p1498455992.67.webp", "large": "https://img1.doubanio.com\/view\/celebrity\/s_ratio_celebrity\/public\/p1498455992.67.webp", "medium": "https://img1.doubanio.com\/view\/celebrity\/s_ratio_celebrity\/public\/p1498455992.67.webp"}, "name": "\u7ea6\u7ff0\u5185\u65af\u00b7\u7f57\u4f2f\u8328", "id": "1019388"}], "year": "2016", "images": {"small": "https://img3.doubanio.com\/view\/photo\/s_ratio_poster\/public\/p2504892832.webp", "large": "https://img3.doubanio.com\/view\/photo\/s_ratio_poster\/public\/p2504892832.webp", "medium": "https://img3.doubanio.com\/view\/photo\/s_ratio_poster\/public\/p2504892832.webp"}, "alt": "https:\/\/movie.douban.com\/subject\/26845362\/", "id": "26845362"}, {"rating": {"max": 10, "average": 0, "stars": "00", "min": 0}, "genres": ["\u620f\u66f2"], "title": "\u4e7e\u5764\u798f\u5bff\u955c", "casts": [{"alt": "https:\/\/movie.douban.com\/celebrity\/1371661\/", "avatars": {"small": "https://img3.doubanio.com\/view\/celebrity\/s_ratio_celebrity\/public\/p1504783904.54.webp", "large": "https://img3.doubanio.com\/view\/celebrity\/s_ratio_celebrity\/public\/p1504783904.54.webp", "medium": "https://img3.doubanio.com\/view\/celebrity\/s_ratio_celebrity\/public\/p1504783904.54.webp"}, "name": "\u9648\u5ad2", "id": "1371661"}, {"alt": "https:\/\/movie.douban.com\/celebrity\/1371662\/", "avatars": {"small": "https://img3.doubanio.com\/view\/celebrity\/s_ratio_celebrity\/public\/p1504784794.13.webp", "large": "https://img3.doubanio.com\/view\/celebrity\/s_ratio_celebrity\/public\/p1504784794.13.webp", "medium": "https://img3.doubanio.com\/view\/celebrity\/s_ratio_celebrity\/public\/p1504784794.13.webp"}, "name": "\u5f20\u5a75\u7389", "id": "1371662"}, {"alt": "https:\/\/movie.douban.com\/celebrity\/1371663\/", "avatars": {"small": "https://img3.doubanio.com\/view\/celebrity\/s_ratio_celebrity\/public\/p1504785323.54.webp", "large": "https://img3.doubanio.com\/view\/celebrity\/s_ratio_celebrity\/public\/p1504785323.54.webp", "medium": "https://img3.doubanio.com\/view\/celebrity\/s_ratio_celebrity\/public\/p1504785323.54.webp"}, "name": "\u9ad8\u822a", "id": "1371663"}], "collect_count": 10, "original_title": "\u4e7e\u5764\u798f\u5bff\u955c", "subtype": "movie", "directors": [{"alt": "https:\/\/movie.douban.com\/celebrity\/1369216\/", "avatars": {"small": "https://img1.doubanio.com\/f\/movie\/ca527386eb8c4e325611e22dfcb04cc116d6b423\/pics\/movie\/celebrity-default-small.png", "large": "https://img3.doubanio.com\/f\/movie\/63acc16ca6309ef191f0378faf793d1096a3e606\/pics\/movie\/celebrity-default-large.png", "medium": "https://img1.doubanio.com\/f\/movie\/8dd0c794499fe925ae2ae89ee30cd225750457b4\/pics\/movie\/celebrity-default-medium.png"}, "name": "\u8096\u6717", "id": "1369216"}, {"alt": "https:\/\/movie.douban.com\/celebrity\/1323070\/", "avatars": {"small": "https://img3.doubanio.com\/view\/celebrity\/s_ratio_celebrity\/public\/p55191.webp", "large": "https://img3.doubanio.com\/view\/celebrity\/s_ratio_celebrity\/public\/p55191.webp", "medium": "https://img3.doubanio.com\/view\/celebrity\/s_ratio_celebrity\/public\/p55191.webp"}, "name": "\u8427\u950b", "id": "1323070"}], "year": "2017", "images": {"small": "https://img3.doubanio.com\/view\/photo\/s_ratio_poster\/public\/p2451740005.webp", "large": "https://img3.doubanio.com\/view\/photo\/s_ratio_poster\/public\/p2451740005.webp", "medium": "https://img3.doubanio.com\/view\/photo\/s_ratio_poster\/public\/p2451740005.webp"}, "alt": "https:\/\/movie.douban.com\/subject\/27005363\/", "id": "27005363"}], "title": "\u6b63\u5728\u4e0a\u6620\u7684\u7535\u5f71-\u5317\u4eac"}
